group_type,group,observations,mean_premium,median_premium,mean_premium_pct_spot,mean_smaller_leg_share,wins,win_probability,win_probability_ci95_low,win_probability_ci95_high,net_pnl,expectancy,median_pnl,avg_win,avg_loss,profit_factor,max_drawdown,stop_rate,mean_return_on_credit,pnl_2025,avg_pnl_2025,win_rate_2025,pnl_2026,avg_pnl_2026,win_rate_2026
all,all,556,172.84399999627212,158.987394494375,0.0019075175352032423,0.2481502014741975,391,0.7032374100719424,0.6639746853903142,0.7397109285404834,4360.267966078831,7.842208572084231,7.493918369848668,16.317100059279003,-12.240716103631865,3.158849714130957,122.96323187206372,0.10251798561151079,0.19690902667951873,3848.6925652879354,10.544363192569692,0.7452054794520548,511.5754007908947,2.678405239742904,0.6230366492146597
premium_50,lte_50,2,46.394529421200005,46.394529421200005,0.0006008351337000964,0.39119973787111906,2,1.0,0.34237195288961925,1.0,9.061019548365651,4.530509774182826,4.530509774182826,4.530509774182826,,,0.0,0,0.4919899940108672,0,,,9.061019548365651,4.530509774182826,1
premium_50,gt_50,554,173.30049627993665,159.36961700822502,0.0019122348001906183,0.24763377715507504,389,0.7021660649819494,0.6627986732694267,0.7387490062152156,4351.206946530465,7.8541641634123955,7.558513655574249,16.377699495192093,-12.240716103631865,3.154363434935755,122.96323187206372,0.10288808664259928,0.19584375242922508,3848.6925652879354,10.544363192569692,0.7452054794520548,502.51438124252905,2.658806249960471,0.6190476190476191
premium_fixed,0_50,2,46.394529421200005,46.394529421200005,0.0006008351337000964,0.39119973787111906,2,1.0,0.34237195288961925,1.0,9.061019548365651,4.530509774182826,4.530509774182826,4.530509774182826,,,0.0,0,0.4919899940108672,0,,,9.061019548365651,4.530509774182826,1
premium_fixed,50_75,22,64.66102985582046,66.5390666509,0.0008488816665205871,0.3225746501181827,15,0.6818181818181818,0.47318222782839336,0.8363961264530752,0.9040286383908551,0.04109221083594789,1.5684891145362239,4.686934334298892,-9.914283768013217,1.0130263518135543,45.949377665902645,0.22727272727272727,0.02952922693221994,13.221005812934836,4.407001937644945,1,-12.316977174543982,-0.6482619565549465,0.631578947368421
premium_fixed,75_100,58,87.39502902779138,88.25340248539999,0.0011235722233738819,0.2760840456103902,42,0.7241379310344828,0.5979510037164683,0.822477963192538,255.0013228440512,4.396574531793987,6.464996039274514,8.505295707980293,-6.388818555695066,3.4946056205565985,21.411091509431202,0.08620689655172414,0.25089309909039603,47.089635741999516,3.1393090494666347,0.8,207.9116871020517,4.835155514001203,0.6976744186046512
premium_fixed,100_150,167,124.60164553781917,123.24894752515002,0.0014600149454978071,0.2220349167270594,114,0.6826347305389222,0.6086108105272849,0.7484450821826873,655.6567851276214,3.926088533698331,6.116389923016022,10.703073415434952,-10.650822343999305,2.1614955482969633,100.92832672156106,0.1437125748502994,0.15490677703100003,452.88751105943135,5.523018427554039,0.7439024390243902,202.76927406819007,2.385520871390471,0.6235294117647059
premium_fixed,150_200,143,174.79782614458705,174.85008142475,0.0018258678659195907,0.1945992738335814,92,0.6433566433566433,0.5620381944153455,0.7171742358496475,609.2861042841015,4.2607419880007065,6.120530273651515,13.865294801668716,-13.065117989596487,1.9144032505504198,131.77233779281687,0.09090909090909091,0.12459607380540627,685.4964228883525,5.809291719392816,0.6949152542372882,-76.2103186042513,-3.0484127441700526,0.4
premium_fixed,gte_200,164,266.53936984849514,239.49699010715,0.002869596908303837,0.2998296850261455,126,0.7682926829268293,0.698025086959662,0.8262787804963203,2830.3587056363026,17.25828479046526,19.22511200894373,27.36223156957907,-16.244275582385793,5.585192085345978,79.96648424265328,0.06097560975609756,0.30249588894932183,2649.9979897852204,18.027197209423267,0.7755102040816326,180.36071585108255,10.609453873593091,0.7058823529411765
premium_quintile,Q1_-inf_109.81,112,86.75105037314464,88.751427770775,0.0010881626089060538,0.2762581093747797,82,0.7321428571428571,0.6434335581142351,0.8054552693881475,386.15501370116283,3.4478126223318104,5.836025745032276,7.740321651324812,-8.28504539024906,2.553622603587428,48.10397301476871,0.125,0.19633388783283373,95.99593336037195,2.999872917511624,0.78125,290.15908034079087,3.6269885042598853,0.7125
premium_quintile,Q2_109.81_140.37,111,125.00662927292252,123.79851919845,0.001489418120599497,0.22507385210351077,73,0.6576576576576577,0.5654402975469389,0.7393273127963514,365.12130546960896,3.289381130356838,4.810536393505752,10.56834319198995,-10.69388809330677,1.8984997152821192,74.8225389637768,0.15315315315315314,0.12822621747933396,257.64270817260507,5.152854163452102,0.74,107.47859729700392,1.7619442179836704,0.5901639344262295
premium_quintile,Q3_140.37_180.39,111,159.8023166051928,159.30867872575,0.0016688612865909422,0.19342725003038833,74,0.6666666666666666,0.5746929345584374,0.7474899678044694,531.7272900342322,4.790335946254346,7.091018682473118,12.84542107155714,-11.319834304351243,2.2695422434972348,67.06537790916491,0.06306306306306306,0.15493858566908678,550.9002546410621,6.053848952099587,0.7142857142857143,-19.172964606830032,-0.9586482303415008,0.45
premium_quintile,Q4_180.39_223.33,111,200.30101646010496,199.0319940658,0.0021363580735598844,0.2255209340027894,73,0.6576576576576577,0.5654402975469389,0.7393273127963514,559.1742162460664,5.037605551766362,7.162927281544009,16.382544648406515,-16.756619554937092,1.8781670375459627,91.09779754240168,0.14414414414414414,0.12388149957451981,603.2962741778107,6.418045469976709,0.6914893617021277,-44.1220579317445,-2.595415172455559,0.47058823529411764
premium_quintile,Q5_223.33_inf,111,293.1345994287626,264.3572235808,0.0031621691622724215,0.3202176374640186,89,0.8018018018018018,0.7181000473756158,0.8653122352815399,2518.090140627762,22.685496762412274,25.15102670309193,31.767458158711072,-14.055165249887418,9.143528782539516,68.28932743111181,0.02702702702702703,0.38117012427287067,2340.8573949360875,23.886299948327427,0.8163265306122449,177.23274569167447,13.633288130128808,0.6923076923076923
premium_pct_spot_quintile,Q1_-inf_0.001228,112,94.78133194202098,92.5757405536,0.0010002226950017498,0.2822320629197961,80,0.7142857142857143,0.6246060903274925,0.7897528273670146,387.79842338573985,3.462485923086962,5.836025745032276,8.591973182176446,-9.361232224636746,2.294562557577682,46.21511506397019,0.13392857142857142,0.1778214406276981,259.7390229782882,4.122841634576003,0.746031746031746,128.05940040745162,2.613457151172482,0.673469387755102
premium_pct_spot_quintile,Q2_0.001228_0.001557,111,131.3044115715491,131.9640476621,0.0014048641467107675,0.21596099495684837,78,0.7027027027027027,0.612051056601211,0.7797930138401623,487.1154019365926,4.388427044473807,5.662358194490541,10.647961560198606,-10.406836356330261,2.4184015468811038,55.612180360139604,0.0990990990990991,0.17932988336357047,278.3771905662559,4.418685564543745,0.6984126984126984,208.73821137033661,4.348712736882013,0.7083333333333334
premium_pct_spot_quintile,Q3_0.001557_0.001900,111,161.8232689692784,163.04932687885,0.0017233612922633002,0.20794312498563503,74,0.6666666666666666,0.5746929345584374,0.7474899678044694,550.1088356114187,4.955935455958726,7.0040523621969335,13.8271313465111,-12.786456325146021,2.16277770711475,93.44516708768106,0.11711711711711711,0.14626684298638315,564.8049407231106,7.060061759038881,0.725,-14.696105111691903,-0.47406790682877054,0.5161290322580645
premium_pct_spot_quintile,Q4_0.001900_0.002442,111,193.4610930918847,198.64978723315,0.002133066666519558,0.22129725497909225,82,0.7387387387387387,0.6500060698577332,0.8114991686621063,1019.6746310494342,9.186257937382289,9.91791595656543,16.764815244369018,-12.242766172028462,3.8719975273604916,50.69846731882819,0.07207207207207207,0.21594516091378635,938.2912717011427,12.345937785541352,0.8026315789473685,81.38335934829135,2.3252388385226097,0.6
premium_pct_spot_quintile,Q5_0.002442_inf,111,283.55316168639547,261.08521504475,0.0032842467029100385,0.31301052573280863,77,0.6936936936936937,0.6026578744023888,0.7717709040193678,1915.5706740956466,17.25739346032115,19.01407374357939,32.00213892504419,-16.135118327433972,4.491781888465992,98.26399564680196,0.09009009009009009,0.26535376574085673,1807.4801393191399,21.77686914842338,0.7469879518072289,108.09053477650703,3.8603762420181065,0.5357142857142857
balance,small_leg_lt_20pct,235,159.3242827924185,154.42042845745002,0.0017584889736540212,0.09922553684658365,138,0.5872340425531914,0.5233757938415142,0.6482860942047892,629.5578785680997,2.6789696960344678,4.020726172632722,11.778678411775754,-10.267007652133548,1.6321498559095586,99.99497445437936,0.10212765957446808,0.08047711882574643,545.7560914214274,3.712626472254608,0.6326530612244898,83.80178714667247,0.9522930357576418,0.5113636363636364
balance,small_leg_20_30pct,93,169.46617858953334,163.1601343474,0.0018537124525416886,0.24609153787447857,66,0.7096774193548387,0.6105721859291047,0.7921473065204212,634.7005736198968,6.824737350751576,7.607357986469767,15.302365267550314,-13.898353112534226,2.6913823143109377,79.96648424265328,0.12903225806451613,0.17372736057925703,593.6953184583488,9.575730942876591,0.7580645161290323,41.005255161548,1.3227501665015489,0.6129032258064516
balance,small_leg_30_40pct,106,179.740037247425,158.510332102825,0.0019669561111014355,0.34739111778358106,85,0.8018867924528302,0.7160451566780396,0.8666120515199475,1191.4830601340147,11.240406227679385,11.62745830079032,18.20045445017348,-16.931217530034818,4.351045988108191,124.04359103409274,0.11320754716981132,0.28421810752878174,1106.7111381168431,15.160426549545795,0.821917808219178,84.77192201717162,2.5688461217324745,0.7575757575757576
balance,small_leg_40_50pct,122,195.46933593979753,170.20410541785,0.0021839527450916276,0.4503568799452505,102,0.8360655737704918,0.7603135455133676,0.8912992756840743,1904.5264537568203,15.610872571777225,12.795355952119253,21.544448690489897,-14.65036563365741,7.499928061117485,62.319092968793086,0.07377049180327869,0.3629961637527889,1602.5300172913185,19.307590569774927,0.8674698795180723,301.99643646550254,7.743498370910321,0.7692307692307693
balance_simple,unbalanced_lt_35pct,384,166.2756757172056,159.36961700822502,0.0018334537479672106,0.16734403620416322,248,0.6458333333333334,0.5967684651384481,0.692009221422251,1789.6833954606013,4.660633842345313,5.961148763351762,13.867774275654014,-12.12885753604114,2.0849691895732465,244.12412530684037,0.11979166666666667,0.12539014469118864,1707.0418158959953,6.911100469214552,0.6963562753036437,82.64157956460598,0.603223208500774,0.5547445255474452
balance_simple,balanced_gte_35pct,172,187.50816582860668,155.35971433292502,0.002072869246241825,0.4285546634724136,143,0.8313953488372093,0.7683444660770744,0.8799662863273623,2570.584570618233,14.94525913150135,12.483059389807465,20.56488183787339,-12.765294213712503,7.9438937934920055,62.319092968793086,0.06395348837209303,0.35657908879299993,2141.6507493919444,18.149582621965624,0.847457627118644,428.9338212262887,7.9432189115979375,0.7962962962962963
premium_x_balance,lte50_unbalanced,1,49.1282128983,49.1282128983,0.0006082143857071229,0.3490222401493733,1,1.0,0.20654329147389294,1.0,4.211963381253217,4.211963381253217,4.211963381253217,4.211963381253217,,,0.0,0,0.42867052684904045,0,,,4.211963381253217,4.211963381253217,1
premium_x_balance,lte50_balanced,1,43.660845944100004,43.660845944100004,0.00059345588169307,0.4333772355928648,1,1.0,0.20654329147389294,1.0,4.849056167112434,4.849056167112434,4.849056167112434,4.849056167112434,,,0.0,0,0.5553094611726939,0,,,4.849056167112434,4.849056167112434,1
premium_x_balance,gt50_unbalanced,383,166.58154376634113,159.4305552907,0.0018366528063543126,0.1668696805802854,247,0.6449086161879896,0.595759918866276,0.6911792314215938,1785.471432079348,4.661805305690201,6.001487676382101,13.906866627453208,-12.12885753604114,2.082415748831794,244.12412530684037,0.12010443864229765,0.12459828990748668,1707.0418158959953,6.911100469214552,0.6963562753036437,78.42961618335278,0.5766883542893589,0.5514705882352942
premium_x_balance,gt50_balanced,171,188.3493782255921,155.9624889199,0.0020815207863853847,0.4285264612962706,142,0.8304093567251462,0.7670515387394936,0.879247740150656,2565.7355144511207,15.004301254100115,12.670791307597833,20.67555666654072,-12.765294213712503,7.930795087692566,62.319092968793086,0.06432748538011696,0.3554169228726508,2141.6507493919444,18.149582621965624,0.847457627118644,424.0847650591763,8.001599340739174,0.7924528301886793
