asset,entry_time,method,stop_pct,trades,gross_pnl,fees,net_pnl,avg_pnl,median_pnl,win_rate,avg_profitable_trade,avg_losing_trade,payoff_ratio,profit_factor,sharpe_daily_annualized,max_drawdown,max_drawdown_duration_days,max_drawdown_duration_trades,max_drawdown_date,recovery_date,recovered,max_consecutive_wins,max_consecutive_losses,best_trade,worst_trade,cvar_95
BTC,13:00,combined,50,191,764.95,853.77,-88.82,-0.465,7.8771,0.5288,43.2384,-49.51,0.8733,0.9801,-0.1577,1062.83,130,130,2026-06-28,,False,6,5,161.24,-279.71,-107.04
BTC,13:00,combined,100,191,509.99,845.09,-335.1,-1.7544,11.6912,0.5864,42.5818,-64.6109,0.659,0.9343,-0.5069,935.99,134,134,2026-06-26,,False,7,4,161.24,-279.71,-150.42
BTC,13:00,combined,150,191,229.1,842.22,-613.12,-3.2101,13.984,0.6073,41.93,-73.0267,0.5742,0.8881,-0.8275,1061.56,134,134,2026-05-08,,False,7,4,161.24,-279.71,-196.64
BTC,13:00,leg_both,50,191,619.88,1007.22,-387.34,-2.028,-6.1293,0.2356,24.5058,-10.2062,2.4011,0.7401,-1.7306,446.64,167,167,2026-07-10,,False,3,20,148.91,-33.85,-27.66
BTC,13:00,leg_both,100,191,794.63,908.55,-113.92,-0.5964,-10.3234,0.3403,41.8194,-22.4776,1.8605,0.9598,-0.2924,902.84,136,136,2026-06-28,,False,6,12,161.24,-69.46,-55.33
BTC,13:00,leg_both,150,191,379.08,874.13,-495.05,-2.5919,-12.2476,0.4136,45.331,-36.3946,1.2455,0.8786,-0.9616,1134.74,134,134,2026-06-26,,False,6,7,161.24,-279.71,-103.39
BTC,13:00,leg_independent,50,191,1077.17,947.98,129.19,0.6764,5.6341,0.6178,21.4009,-32.8235,0.652,1.0539,0.3603,549.94,148,148,2026-03-18,,False,9,3,148.91,-90.61,-76.39
BTC,13:00,leg_independent,100,191,773.8,886.27,-112.47,-0.5889,-3.1176,0.4607,33.8271,-29.9928,1.1278,0.9636,-0.2473,1041.24,136,136,2026-06-28,,False,6,8,161.24,-162.27,-108.46
BTC,13:00,leg_independent,150,191,127.84,867.07,-739.23,-3.8703,-5.653,0.445,42.693,-41.2088,1.036,0.8308,-1.3135,1479.98,134,134,2026-06-26,,False,6,7,161.24,-279.71,-142.42
BTC,13:15,combined,50,191,344.89,839.39,-494.5,-2.589,-7.7256,0.4817,46.612,-48.3111,0.9648,0.8966,-0.8852,1159.88,132,132,2026-06-26,,False,6,5,160.61,-173.63,-98.51
BTC,13:15,combined,100,191,-123.64,829.84,-953.48,-4.9921,3.8015,0.534,45.3828,-62.7251,0.7235,0.8292,-1.4452,1541.58,149,149,2026-06-26,,False,7,5,160.61,-173.63,-139.51
BTC,13:15,combined,150,191,-268.98,827.31,-1096.29,-5.7397,6.4279,0.5602,44.0445,-69.1554,0.6369,0.8113,-1.466,1756.5,153,153,2026-06-26,,False,7,5,160.61,-319.55,-198.98
BTC,13:15,leg_both,50,191,711.59,987.23,-275.64,-1.4432,-6.8336,0.2723,23.3055,-10.7016,2.1778,0.8147,-1.2513,352.45,167,167,2026-07-10,,False,4,9,120.08,-45.24,-28.11
BTC,13:15,leg_both,100,191,741.03,890.06,-149.03,-0.7803,-8.9667,0.3298,44.4357,-23.035,1.9291,0.9495,-0.3586,832.14,149,149,2026-04-07,,False,4,14,160.61,-173.63,-66.97
BTC,13:15,leg_both,150,191,855.12,853.37,1.76,0.0092,-11.4064,0.4188,47.6409,-34.3199,1.3881,1.0005,0.0036,790.44,149,149,2026-06-23,,False,5,7,160.61,-173.63,-83.75
BTC,13:15,leg_independent,50,191,961.38,931.72,29.66,0.1553,5.7256,0.623,21.2977,-34.7884,0.6122,1.0118,0.0725,601.17,156,156,2026-04-20,,False,8,3,120.08,-282.09,-105.72
BTC,13:15,leg_independent,100,191,908.97,869.22,39.75,0.2081,-3.6349,0.445,35.7273,-28.2742,1.2636,1.0133,0.0877,1020.45,149,149,2026-04-07,,False,6,10,160.61,-173.63,-102.98
BTC,13:15,leg_independent,150,191,930.07,841.71,88.37,0.4627,-5.8695,0.445,45.1312,-35.3565,1.2765,1.0236,0.1719,840.75,149,149,2026-06-23,,False,5,7,160.61,-173.63,-105.9
BTC,13:30,combined,50,191,-361.01,836.91,-1197.92,-6.2718,-12.1436,0.4503,44.1822,-47.5961,0.9283,0.7603,-2.1956,1292.1,149,149,2026-06-26,,False,6,5,166.35,-178.05,-93.54
BTC,13:30,combined,100,191,-248.92,822.32,-1071.24,-5.6086,5.4364,0.534,42.51,-60.7557,0.6997,0.8019,-1.6723,1345.58,149,149,2026-07-10,,False,8,4,166.35,-179.99,-137.18
BTC,13:30,combined,150,191,-336.78,820.65,-1157.43,-6.0599,6.1702,0.555,41.4394,-65.2943,0.6347,0.7915,-1.6104,1560.12,153,153,2026-07-10,,False,8,4,166.35,-323.97,-193.98
BTC,13:30,leg_both,50,191,639.71,978.97,-339.26,-1.7762,-6.0748,0.2775,19.7394,-10.0395,1.9662,0.7551,-1.7484,339.26,190,191,2026-07-10,,False,4,13,111.96,-29.1,-24.6
BTC,13:30,leg_both,100,191,400.02,886.71,-486.69,-2.5481,-12.5632,0.3141,41.7803,-22.8512,1.8284,0.8374,-1.2249,691.39,149,149,2026-05-20,,False,7,10,152.45,-178.05,-67.46
BTC,13:30,leg_both,150,191,471.33,851.41,-380.08,-1.99,-9.2713,0.4188,43.3086,-34.6376,1.2503,0.9011,-0.7769,817.66,149,149,2026-06-26,,False,6,5,166.35,-178.05,-84.67
BTC,13:30,leg_independent,50,191,759.91,924.32,-164.41,-0.8608,5.6723,0.5864,20.9615,-31.7988,0.6592,0.9346,-0.4233,650.83,135,135,2026-03-23,,False,11,4,111.96,-283.43,-100.91
BTC,13:30,leg_independent,100,191,701.87,862.64,-160.77,-0.8417,-6.3519,0.4188,34.7504,-26.4937,1.3116,0.9453,-0.3735,617.95,149,149,2026-06-24,,False,8,7,152.45,-178.05,-98.77
BTC,13:30,leg_independent,150,191,638.34,837.75,-199.41,-1.044,-6.4648,0.4503,41.0038,-35.4832,1.1556,0.9465,-0.3971,797.47,149,149,2026-06-22,,False,6,4,166.35,-178.05,-99.74
BTC,13:45,combined,50,191,66.22,824.02,-757.8,-3.9675,1.1191,0.5079,38.257,-47.5396,0.8047,0.8304,-1.5333,891.28,190,191,2026-06-26,,False,6,7,132.51,-135.93,-83.15
BTC,13:45,combined,100,191,47.28,807.04,-759.76,-3.9778,12.8599,0.6021,37.8236,-67.23,0.5626,0.8513,-1.2105,1333.07,153,153,2026-05-26,,False,8,5,132.51,-287.66,-144.92
BTC,13:45,combined,150,191,-225.86,802.42,-1028.28,-5.3836,13.252,0.6178,37.9398,-75.4133,0.5031,0.8132,-1.4521,1936.76,153,153,2026-05-26,,False,8,5,132.51,-287.66,-190.31
BTC,13:45,leg_both,50,191,487.43,955.55,-468.13,-2.4509,-5.8016,0.3455,15.0198,-11.6754,1.2864,0.6792,-2.2862,468.13,190,191,2026-07-10,,False,4,9,132.51,-38.86,-30.01
BTC,13:45,leg_both,100,191,670.41,871.0,-200.59,-1.0502,-8.4413,0.3874,33.3986,-22.8384,1.4624,0.9249,-0.568,461.51,155,155,2026-04-21,2026-06-05,True,6,9,132.51,-68.83,-55.6
BTC,13:45,leg_both,150,191,531.52,837.76,-306.24,-1.6033,-3.5403,0.4764,37.086,-36.8106,1.0075,0.9168,-0.6708,555.73,149,149,2026-06-26,,False,6,7,132.51,-135.93,-85.14
BTC,13:45,leg_independent,50,191,429.55,910.47,-480.92,-2.5179,2.5181,0.555,20.9679,-31.8061,0.6592,0.8221,-1.2665,636.39,158,158,2026-07-04,,False,6,6,132.51,-233.67,-96.6
BTC,13:45,leg_independent,100,191,701.45,849.11,-147.66,-0.7731,-0.5931,0.4974,29.5435,-30.7738,0.96,0.95,-0.3407,579.77,164,164,2026-04-24,,False,6,9,132.51,-274.38,-103.25
BTC,13:45,leg_independent,150,191,969.18,819.65,149.53,0.7829,1.1191,0.5079,35.6413,-35.1881,1.0129,1.0452,0.3367,392.43,112,111,2026-03-13,2026-06-03,True,6,7,132.51,-135.93,-83.8
BTC,14:00,combined,50,191,-104.77,795.1,-899.87,-4.7113,5.329,0.5183,35.6612,-48.1557,0.7405,0.7969,-1.8499,1100.23,186,186,2026-06-26,,False,8,5,124.1,-188.89,-93.79
BTC,14:00,combined,100,191,-600.0,784.91,-1384.92,-7.2509,10.2348,0.5602,35.1178,-61.2205,0.5736,0.7307,-2.3953,1609.1,156,156,2026-06-26,,False,11,4,124.1,-195.36,-138.23
BTC,14:00,combined,150,191,-1152.89,781.9,-1934.79,-10.1298,11.2721,0.5759,34.8677,-71.2375,0.4895,0.6647,-2.8317,2285.24,156,156,2026-06-26,,False,11,4,124.1,-334.81,-188.48
BTC,14:00,leg_both,50,191,336.08,935.18,-599.1,-3.1366,-6.4923,0.2618,18.5416,-10.8239,1.713,0.6075,-3.0373,601.47,190,191,2026-07-09,,False,3,12,124.1,-41.36,-27.31
BTC,14:00,leg_both,100,191,-292.27,861.58,-1153.85,-6.0411,-11.8083,0.2984,32.8703,-22.5929,1.4549,0.6189,-3.3759,1181.05,167,167,2026-07-09,,False,5,11,124.1,-188.89,-71.27
BTC,14:00,leg_both,150,191,-280.04,824.07,-1104.11,-5.7807,-12.8521,0.4084,35.6412,-34.3728,1.0369,0.7157,-2.5707,1143.51,186,186,2026-07-07,,False,6,9,124.1,-188.89,-96.07
BTC,14:00,leg_independent,50,191,599.4,886.52,-287.12,-1.5033,4.8627,0.5759,19.3629,-29.8401,0.6489,0.8812,-0.7772,592.97,126,126,2026-03-25,,False,9,5,124.1,-277.61,-92.5
BTC,14:00,leg_independent,100,191,123.8,835.96,-712.16,-3.7286,-5.8258,0.4136,26.4332,-25.0034,1.0572,0.7457,-1.9621,768.46,160,160,2026-07-09,,False,6,9,124.1,-188.89,-86.26
BTC,14:00,leg_independent,150,191,88.78,807.81,-719.03,-3.7645,-8.6844,0.4293,34.2009,-32.3257,1.058,0.7959,-1.7016,763.69,186,186,2026-07-07,,False,6,9,124.1,-188.89,-97.43
BTC,14:15,combined,50,191,476.57,778.02,-301.45,-1.5783,1.6835,0.5131,36.6716,-41.8846,0.8755,0.9226,-0.6575,829.84,159,159,2026-06-26,,False,7,4,127.62,-191.98,-87.54
BTC,14:15,combined,100,191,276.11,767.22,-491.11,-2.5713,9.2499,0.5707,36.0699,-53.9357,0.6688,0.889,-0.9002,1086.96,159,159,2026-06-26,,False,12,4,127.62,-191.98,-129.4
BTC,14:15,combined,150,191,109.01,765.34,-656.33,-3.4363,11.9018,0.5812,35.9959,-58.1484,0.619,0.8589,-1.1005,1107.96,159,159,2026-06-26,,False,12,4,127.62,-191.98,-158.61
BTC,14:15,leg_both,50,191,63.43,920.09,-856.66,-4.4851,-6.1403,0.2461,13.0126,-10.1962,1.2762,0.4165,-6.0842,865.76,187,187,2026-07-10,,False,6,15,69.06,-41.16,-26.95
BTC,14:15,leg_both,100,191,54.1,838.21,-784.11,-4.1053,-11.6421,0.3351,29.0431,-20.81,1.3956,0.7033,-2.7044,823.86,187,187,2026-07-10,,False,6,12,127.62,-63.71,-47.88
BTC,14:15,leg_both,150,191,359.49,793.66,-434.17,-2.2731,-10.0376,0.4398,36.3846,-32.6213,1.1154,0.8756,-1.0369,691.9,160,160,2026-06-26,,False,5,9,127.62,-191.98,-85.43
BTC,14:15,leg_independent,50,191,178.7,879.55,-700.85,-3.6694,3.2481,0.555,16.8941,-29.3132,0.5763,0.7187,-2.0317,920.98,164,164,2026-07-08,,False,8,9,69.06,-263.62,-93.44
BTC,14:15,leg_independent,100,191,19.24,821.43,-802.19,-4.2,-7.0721,0.3927,27.5916,-24.7548,1.1146,0.7206,-2.1308,891.34,164,164,2026-07-10,,False,5,7,127.62,-287.46,-92.44
BTC,14:15,leg_independent,150,191,347.08,788.75,-441.67,-2.3124,-5.8178,0.4503,35.7055,-33.4509,1.0674,0.8743,-1.0305,659.01,160,160,2026-07-09,,False,5,9,127.62,-191.98,-92.57
BTC,14:30,combined,50,191,693.3,741.61,-48.3,-0.2529,4.3934,0.5131,38.6209,-41.2167,0.937,0.9874,-0.1024,869.51,129,129,2026-06-26,,False,9,6,122.24,-203.95,-93.78
BTC,14:30,combined,100,191,503.96,729.02,-225.06,-1.1783,13.9085,0.5864,37.649,-56.2247,0.6696,0.9493,-0.4035,1174.03,121,121,2026-06-26,,False,17,4,122.24,-203.95,-120.88
BTC,14:30,combined,150,191,1059.61,725.31,334.31,1.7503,16.9349,0.6126,37.2912,-54.4427,0.685,1.083,0.5953,868.29,111,111,2026-07-03,,False,17,3,122.24,-203.95,-136.63
BTC,14:30,leg_both,50,191,144.01,893.56,-749.55,-3.9243,-6.7048,0.2304,16.6282,-10.0761,1.6503,0.494,-4.9209,790.65,190,191,2026-06-29,,False,3,12,70.76,-36.66,-25.13
BTC,14:30,leg_both,100,191,351.78,803.94,-452.17,-2.3674,-8.9786,0.3508,31.3961,-20.6105,1.5233,0.8231,-1.4428,738.88,160,160,2026-07-07,,False,3,10,122.24,-88.79,-57.1
BTC,14:30,leg_both,150,191,687.02,758.86,-71.84,-0.3761,-4.6005,0.4503,38.1171,-31.9039,1.1947,0.9786,-0.1642,786.7,129,129,2026-06-26,,False,9,9,122.24,-203.95,-91.4
BTC,14:30,leg_independent,50,191,475.91,848.18,-372.27,-1.9491,2.129,0.5812,16.1973,-27.1271,0.5971,0.8285,-1.0699,710.44,160,160,2026-06-05,,False,11,5,70.76,-292.68,-91.43
BTC,14:30,leg_independent,100,191,85.72,791.14,-705.42,-3.6933,-3.7698,0.4136,29.2663,-26.9416,1.0863,0.7662,-1.6222,1051.29,160,160,2026-07-07,,False,4,8,122.24,-312.41,-119.75
BTC,14:30,leg_independent,150,191,812.42,751.46,60.97,0.3192,-2.7859,0.4817,36.5655,-33.3643,1.0959,1.0185,0.1353,679.83,129,129,2026-06-26,,False,9,9,122.24,-203.95,-103.54
BTC,14:45,combined,50,191,635.38,729.41,-94.03,-0.4923,4.2448,0.5288,34.6384,-39.9167,0.8678,0.9738,-0.2061,1037.38,115,115,2026-06-26,,False,9,6,111.78,-241.52,-92.93
BTC,14:45,combined,100,191,465.04,715.89,-250.85,-1.3134,11.3538,0.5916,33.7288,-52.0796,0.6476,0.9382,-0.4725,1208.2,121,121,2026-06-26,,False,15,6,111.78,-241.52,-124.57
BTC,14:45,combined,150,191,479.58,713.13,-233.54,-1.2227,12.2765,0.6126,33.1453,-55.5614,0.5966,0.9432,-0.4137,1210.39,121,121,2026-07-02,,False,15,6,111.78,-241.52,-143.48
BTC,14:45,leg_both,50,191,328.45,853.81,-525.36,-2.7506,-5.7068,0.3194,14.3055,-10.7538,1.3303,0.6242,-3.2403,746.91,162,162,2026-07-10,,False,9,12,65.41,-54.6,-28.17
BTC,14:45,leg_both,100,191,495.46,776.41,-280.95,-1.4709,-7.0625,0.4084,29.1036,-22.5755,1.2892,0.8899,-0.8097,651.44,135,135,2026-06-26,,False,9,6,101.61,-241.52,-72.84
BTC,14:45,leg_both,150,191,792.01,746.14,45.86,0.2401,-1.3941,0.4869,32.7644,-30.6247,1.0699,1.0153,0.1116,864.94,113,113,2026-07-03,,False,9,6,106.59,-241.52,-87.06
BTC,14:45,leg_independent,50,191,257.48,829.91,-572.43,-2.997,1.79,0.5393,16.5727,-25.9025,0.6398,0.7489,-2.0599,938.25,135,135,2026-07-09,,False,7,6,65.41,-88.67,-66.39
BTC,14:45,leg_independent,100,191,779.5,758.59,20.91,0.1095,-2.517,0.4607,27.5451,-23.3306,1.1806,1.0087,0.057,625.0,125,125,2026-03-29,,False,9,6,101.61,-241.52,-93.23
BTC,14:45,leg_independent,150,191,890.78,737.65,153.12,0.8017,0.4148,0.5079,31.6011,-30.9806,1.02,1.0526,0.3664,759.73,111,111,2026-07-03,,False,9,6,106.59,-241.52,-97.38
BTC,15:00,combined,50,191,1143.81,697.74,446.06,2.3354,11.1262,0.6021,29.8575,-39.3098,0.7595,1.1493,1.0578,472.98,121,121,2026-05-14,,False,12,6,107.71,-250.15,-93.8
BTC,15:00,combined,100,191,864.21,686.69,177.52,0.9294,13.2283,0.644,30.1344,-51.8972,0.5807,1.0503,0.3589,665.2,110,110,2026-06-26,,False,21,4,107.71,-250.15,-120.73
BTC,15:00,combined,150,191,686.2,685.83,0.37,0.0019,13.2283,0.6597,29.5142,-57.2064,0.5159,1.0001,0.0007,944.14,121,121,2026-06-26,,False,21,4,107.71,-250.15,-141.0
BTC,15:00,leg_both,50,191,151.03,833.3,-682.27,-3.5721,-4.1007,0.3141,10.6423,-10.0825,1.0555,0.4834,-5.0303,764.58,162,162,2026-07-08,,False,5,10,60.46,-35.48,-28.55
BTC,15:00,leg_both,100,191,965.73,749.78,215.94,1.1306,-2.7637,0.4607,24.6441,-18.9586,1.2999,1.1106,0.7944,274.12,87,87,2026-07-07,,False,6,8,80.73,-68.63,-47.25
BTC,15:00,leg_both,150,191,1273.66,715.67,557.99,2.9214,4.5247,0.5288,30.5184,-28.0486,1.0881,1.221,1.455,438.7,86,86,2026-05-18,,False,6,6,107.71,-250.15,-80.76
BTC,15:00,leg_independent,50,191,559.17,794.46,-235.3,-1.2319,3.4238,0.5812,15.3081,-24.1812,0.6331,0.8784,-0.9231,588.72,135,135,2026-07-05,,False,8,7,60.46,-82.48,-65.54
BTC,15:00,leg_independent,100,191,1197.36,733.46,463.9,2.4288,2.7617,0.5445,23.0792,-22.2568,1.037,1.2396,1.5579,280.45,44,43,2026-03-14,2026-04-17,True,6,6,80.73,-113.54,-65.94
BTC,15:00,leg_independent,150,191,1285.22,711.14,574.08,3.0056,5.6004,0.5654,28.8808,-30.6632,0.9419,1.2256,1.4684,409.51,126,126,2026-05-18,,False,7,6,107.71,-250.15,-87.32
BTC,15:15,combined,50,191,1006.03,680.5,325.53,1.7043,6.4608,0.5759,27.5506,-33.3956,0.825,1.1203,0.9215,373.29,85,85,2026-05-17,,False,11,7,104.1,-83.96,-61.91
BTC,15:15,combined,100,191,70.14,673.24,-603.1,-3.1576,9.1786,0.5969,27.8881,-49.1213,0.5677,0.8405,-1.2173,1128.8,156,156,2026-07-03,,False,11,7,104.1,-297.19,-129.23
BTC,15:15,combined,150,191,169.18,671.98,-502.8,-2.6325,9.5241,0.6021,27.8761,-48.7967,0.5713,0.8644,-0.9825,1150.3,156,156,2026-05-17,,False,11,7,104.1,-297.19,-142.12
BTC,15:15,leg_both,50,191,499.31,791.71,-292.4,-1.5309,-4.5872,0.3455,15.4226,-10.4823,1.4713,0.7768,-1.634,439.32,87,87,2026-07-09,,False,5,16,104.1,-32.52,-25.35
BTC,15:15,leg_both,100,191,815.38,724.28,91.11,0.477,-2.6807,0.4346,25.1682,-18.4987,1.3605,1.0456,0.3323,437.95,81,81,2026-07-06,,False,5,7,104.1,-56.49,-42.13
BTC,15:15,leg_both,150,191,435.27,700.91,-265.64,-1.3908,-0.2094,0.4974,27.306,-29.7886,0.9167,0.9071,-0.6627,749.14,128,128,2026-07-06,,False,5,8,104.1,-297.19,-92.97
BTC,15:15,leg_independent,50,191,1296.12,752.26,543.86,2.8475,2.8957,0.5497,18.2661,-15.9777,1.1432,1.3958,2.3098,212.71,61,60,2026-05-21,2026-06-14,True,10,5,104.1,-64.73,-48.9
BTC,15:15,leg_independent,100,191,1106.66,707.48,399.18,2.09,2.2532,0.5288,22.8117,-21.1644,1.0778,1.2096,1.3813,289.89,81,81,2026-07-06,,False,7,6,104.1,-93.29,-55.66
BTC,15:15,leg_independent,150,191,552.48,694.02,-141.54,-0.741,1.3404,0.534,26.1507,-31.5607,0.8286,0.9496,-0.3496,719.96,128,128,2026-07-06,,False,7,8,104.1,-297.19,-96.86
BTC,15:30,combined,50,191,739.34,656.21,83.14,0.4353,5.3029,0.5654,26.7448,-33.7989,0.7913,1.0296,0.2142,669.5,128,128,2026-06-26,,False,10,6,99.04,-258.66,-79.54
BTC,15:30,combined,100,191,1087.53,640.21,447.33,2.342,10.2388,0.6283,27.024,-39.3739,0.6863,1.16,1.034,376.09,118,117,2026-03-31,2026-07-07,True,10,5,99.04,-258.66,-108.83
BTC,15:30,combined,150,191,560.23,639.13,-78.9,-0.4131,10.2388,0.6283,27.024,-46.7856,0.5776,0.9762,-0.1586,747.66,156,156,2026-05-26,,False,10,5,99.04,-258.66,-143.4
BTC,15:30,leg_both,50,191,476.69,757.37,-280.68,-1.4695,-4.0825,0.3246,15.3157,-9.5368,1.606,0.7719,-1.5872,568.39,87,87,2026-07-10,,False,5,12,99.04,-28.48,-23.16
BTC,15:30,leg_both,100,191,896.34,692.98,203.36,1.0647,-1.62,0.4607,23.9817,-18.5148,1.2953,1.1066,0.6299,390.65,87,87,2026-06-28,,False,6,12,99.04,-258.66,-61.32
BTC,15:30,leg_both,150,191,1018.84,668.77,350.06,1.8328,2.1072,0.5236,26.1092,-24.8446,1.0509,1.1548,0.9742,353.71,86,86,2026-03-23,2026-04-14,True,6,7,99.04,-258.66,-75.73
BTC,15:30,leg_independent,50,191,1353.27,715.27,638.0,3.3403,3.3068,0.5707,17.4687,-15.4402,1.1314,1.5039,2.8455,150.96,56,56,2026-07-09,,False,8,6,99.04,-54.85,-44.1
BTC,15:30,leg_independent,100,191,1237.84,676.24,561.6,2.9403,0.936,0.5236,23.4723,-19.6223,1.1962,1.3145,1.7245,341.69,71,71,2026-03-23,2026-04-13,True,7,8,99.04,-258.66,-65.41
BTC,15:30,leg_independent,150,191,1069.18,663.62,405.55,2.1233,4.0947,0.5497,25.5752,-26.5099,0.9647,1.1779,1.1101,343.29,69,69,2026-03-23,2026-04-13,True,6,7,99.04,-258.66,-81.36
BTC,15:45,combined,50,191,558.35,632.22,-73.87,-0.3868,3.467,0.5497,22.6913,-28.5634,0.7944,0.9699,-0.2242,645.5,121,121,2026-05-26,,False,11,5,89.08,-188.78,-70.61
BTC,15:45,combined,100,191,712.34,620.41,91.93,0.4813,7.3662,0.623,21.8589,-34.851,0.6272,1.0366,0.2524,642.37,121,121,2026-05-26,,False,11,4,89.08,-188.78,-89.29
BTC,15:45,combined,150,191,353.03,618.63,-265.61,-1.3906,7.5871,0.6283,21.8703,-40.7048,0.5373,0.9081,-0.6318,892.39,156,156,2026-05-26,,False,11,4,89.08,-188.78,-123.29
BTC,15:45,leg_both,50,191,751.79,710.4,41.39,0.2167,-1.4326,0.4188,12.1275,-8.3676,1.4493,1.0446,0.265,368.2,133,133,2026-07-10,,False,7,10,89.08,-28.08,-23.58
BTC,15:45,leg_both,100,191,788.76,663.56,125.2,0.6555,-0.4329,0.4764,20.2146,-17.1433,1.1792,1.073,0.4615,529.57,128,128,2026-05-26,,False,6,10,89.08,-188.78,-59.49
BTC,15:45,leg_both,150,191,713.49,646.55,66.94,0.3505,2.5645,0.5445,20.3549,-23.5628,0.8639,1.0327,0.2236,532.84,121,121,2026-05-26,,False,10,5,89.08,-188.78,-68.26
BTC,15:45,leg_independent,50,191,793.32,687.96,105.36,0.5516,3.0869,0.5759,16.6829,-21.355,0.7812,1.0609,0.3565,638.75,128,128,2026-06-24,,False,10,7,89.08,-258.17,-69.43
BTC,15:45,leg_independent,100,191,813.14,655.65,157.49,0.8246,1.4074,0.534,20.3059,-21.5023,0.9444,1.0823,0.5213,587.87,128,128,2026-06-30,,False,8,8,89.08,-188.78,-78.65
BTC,15:45,leg_independent,150,191,605.42,645.05,-39.63,-0.2075,2.9882,0.555,20.4828,-26.0095,0.7875,0.9821,-0.1234,576.41,121,121,2026-07-10,,False,10,5,89.08,-188.78,-82.12
BTC,16:00,combined,50,191,626.42,583.27,43.15,0.2259,3.1261,0.555,23.2265,-28.4572,0.8162,1.0178,0.1277,806.16,116,116,2026-06-26,,False,8,9,83.12,-240.51,-66.62
BTC,16:00,combined,100,191,404.3,571.68,-167.38,-0.8763,6.507,0.5916,23.0979,-35.6082,0.6487,0.9397,-0.429,833.53,116,116,2026-06-26,,False,8,6,83.12,-240.51,-96.74
BTC,16:00,combined,150,191,355.41,569.15,-213.74,-1.1191,7.4037,0.5969,23.1135,-36.9959,0.6248,0.925,-0.5159,750.97,116,116,2026-05-16,,False,8,6,83.12,-240.51,-115.31
BTC,16:00,leg_both,50,191,101.82,655.15,-553.33,-2.897,-4.692,0.3455,13.3106,-11.4547,1.162,0.6136,-2.3549,765.39,130,130,2026-07-01,,False,6,25,83.12,-240.51,-47.36
BTC,16:00,leg_both,100,191,392.83,610.9,-218.08,-1.1418,-3.1704,0.445,20.554,-18.5393,1.1087,0.889,-0.7533,758.79,117,117,2026-06-30,,False,5,15,83.12,-240.51,-60.14
BTC,16:00,leg_both,150,191,697.82,590.89,106.92,0.5598,1.1578,0.5236,22.4174,-23.4595,0.9556,1.0501,0.3333,596.92,116,116,2026-06-30,,False,8,8,83.12,-240.51,-70.87
BTC,16:00,leg_independent,50,191,547.88,631.68,-83.79,-0.4387,1.1456,0.5183,16.2389,-18.3852,0.8833,0.9505,-0.3033,426.99,128,128,2026-06-26,,False,5,4,83.12,-240.51,-62.95
BTC,16:00,leg_independent,100,191,675.84,597.68,78.17,0.4092,0.3926,0.5026,20.1687,-19.5583,1.0312,1.0421,0.263,517.9,117,117,2026-06-30,,False,8,8,83.12,-240.51,-65.24
BTC,16:00,leg_independent,150,191,888.44,583.02,305.42,1.5991,3.8625,0.5654,21.3845,-24.1459,0.8856,1.1524,0.9634,510.6,116,116,2026-05-18,,False,8,8,83.12,-240.51,-69.68
BTC,16:15,combined,50,191,649.6,541.84,107.76,0.5642,2.895,0.5445,22.558,-25.7273,0.8768,1.0481,0.3299,518.41,119,119,2026-06-25,,False,7,7,72.31,-247.58,-69.37
BTC,16:15,combined,100,191,603.78,532.71,71.07,0.3721,6.1947,0.5812,22.1262,-29.8117,0.7422,1.0298,0.1983,534.54,119,119,2026-06-23,,False,7,5,72.31,-247.58,-89.73
BTC,16:15,combined,150,191,695.87,529.54,166.32,0.8708,7.3866,0.5916,21.976,-29.7046,0.7398,1.0718,0.4644,479.98,119,119,2026-06-23,,False,7,5,72.31,-247.58,-92.7
BTC,16:15,leg_both,50,191,457.81,600.21,-142.4,-0.7455,-3.0478,0.3717,13.3478,-9.0841,1.4694,0.8694,-0.9173,420.39,124,124,2026-06-29,,False,4,28,72.31,-29.91,-23.89
BTC,16:15,leg_both,100,191,503.51,569.74,-66.23,-0.3468,-1.5232,0.4607,18.8879,-16.7802,1.1256,0.9617,-0.2373,692.29,111,111,2026-06-29,,False,5,16,72.31,-247.58,-60.2
BTC,16:15,leg_both,150,191,615.37,551.96,63.41,0.332,0.3812,0.5026,22.0312,-21.5956,1.0202,1.0309,0.2019,689.53,119,119,2026-06-25,,False,7,7,72.31,-247.58,-69.24
BTC,16:15,leg_independent,50,191,553.2,589.96,-36.75,-0.1924,1.7155,0.534,14.3262,-16.8318,0.8511,0.9755,-0.1788,355.52,83,83,2026-06-25,,False,6,5,72.31,-52.01,-42.96
BTC,16:15,leg_independent,100,191,614.33,562.07,52.26,0.2736,0.3812,0.5026,19.2271,-18.8794,1.0184,1.0291,0.1784,569.48,110,110,2026-06-29,,False,7,11,72.31,-247.58,-68.62
BTC,16:15,leg_independent,150,191,681.62,548.92,132.71,0.6948,1.2113,0.5236,21.6359,-22.3174,0.9695,1.0653,0.4179,668.55,119,119,2026-06-25,,False,7,7,72.31,-247.58,-71.62
BTC,16:30,combined,50,191,348.76,508.94,-160.17,-0.8386,1.3257,0.5131,19.7371,-22.5205,0.8764,0.9235,-0.5598,493.77,116,116,2026-06-27,,False,8,17,66.61,-209.21,-62.65
BTC,16:30,combined,100,191,245.51,499.74,-254.23,-1.3311,2.0489,0.5497,19.1183,-26.2983,0.727,0.8876,-0.8158,552.33,116,116,2026-06-24,,False,8,11,66.61,-209.21,-74.34
BTC,16:30,combined,150,191,142.4,499.48,-357.08,-1.8695,2.1158,0.555,18.9957,-27.8897,0.6811,0.8494,-1.0865,642.79,116,116,2026-06-24,,False,8,11,66.61,-209.21,-87.34
BTC,16:30,leg_both,50,191,85.93,546.99,-461.06,-2.4139,-2.176,0.3874,11.862,-11.4432,1.0366,0.6556,-2.1901,598.77,111,111,2026-07-01,,False,4,12,62.3,-209.21,-44.65
BTC,16:30,leg_both,100,191,105.92,527.38,-421.46,-2.2066,-2.0565,0.445,17.6644,-18.1409,0.9737,0.7808,-1.5975,773.36,111,111,2026-06-30,,False,7,18,66.61,-209.21,-61.8
BTC,16:30,leg_both,150,191,217.58,511.02,-293.44,-1.5363,0.1753,0.5026,19.072,-22.3616,0.8529,0.8619,-1.0025,633.93,111,111,2026-06-28,,False,7,17,66.61,-209.21,-69.18
BTC,16:30,leg_independent,50,191,457.49,529.49,-72.0,-0.377,0.3374,0.5131,14.2026,-15.7404,0.9023,0.9508,-0.3083,417.72,111,111,2026-06-26,,False,5,7,62.3,-209.21,-49.91
BTC,16:30,leg_independent,100,191,283.95,517.38,-233.42,-1.2221,-0.8568,0.4764,18.0596,-18.7685,0.9622,0.8756,-0.8655,706.45,111,111,2026-06-30,,False,7,23,66.61,-209.21,-63.34
BTC,16:30,leg_independent,150,191,309.08,507.24,-198.16,-1.0375,0.1512,0.5026,19.3425,-21.6319,0.8942,0.9036,-0.6812,620.85,111,111,2026-06-28,,False,7,17,66.61,-209.21,-68.88
BTC,16:45,combined,50,191,324.87,444.74,-119.87,-0.6276,1.0557,0.5183,15.3472,-17.8179,0.8613,0.9269,-0.587,252.52,95,94,2026-06-25,,False,6,7,41.64,-73.0,-47.7
BTC,16:45,combined,100,191,463.91,438.85,25.06,0.1312,2.0886,0.534,15.529,-17.5157,0.8866,1.0161,0.1163,326.58,104,103,2026-02-16,2026-04-29,True,6,7,41.64,-89.52,-54.89
BTC,16:45,combined,150,191,641.18,437.3,203.88,1.0674,2.0886,0.534,15.529,-15.5065,1.0014,1.1477,1.0175,242.02,83,82,2026-02-16,2026-04-08,True,6,7,41.64,-73.0,-50.9
BTC,16:45,leg_both,50,191,180.11,471.54,-291.43,-1.5258,-1.822,0.4293,8.5979,-9.1418,0.9405,0.7075,-2.3994,345.47,190,191,2026-03-31,,False,5,9,40.38,-56.87,-27.89
BTC,16:45,leg_both,100,191,407.6,454.5,-46.9,-0.2455,0.6971,0.5131,12.4599,-13.6341,0.9139,0.963,-0.2829,246.09,102,101,2026-02-14,2026-04-14,True,5,6,40.8,-56.87,-38.07
BTC,16:45,leg_both,150,191,300.43,451.01,-150.58,-0.7884,0.6971,0.5131,13.7381,-16.0959,0.8535,0.8994,-0.8056,333.05,153,152,2026-02-14,2026-06-04,True,6,7,40.8,-56.87,-44.8
BTC,16:45,leg_independent,50,191,347.62,461.75,-114.14,-0.5976,0.2146,0.5183,10.8682,-12.9358,0.8402,0.9041,-0.7551,365.46,190,191,2026-02-18,,False,7,7,40.38,-55.73,-32.3
BTC,16:45,leg_independent,100,191,414.4,450.97,-36.57,-0.1915,-0.7015,0.4817,14.4067,-13.7574,1.0472,0.9732,-0.2063,299.54,94,93,2026-02-18,2026-04-06,True,5,5,40.8,-55.73,-40.87
BTC,16:45,leg_independent,150,191,369.0,447.23,-78.23,-0.4096,0.3824,0.5131,14.5033,-16.1242,0.8995,0.9478,-0.4109,361.75,147,146,2026-02-16,2026-05-29,True,6,7,40.8,-56.23,-45.26
BTC,17:00,combined,50,191,864.12,352.55,511.58,2.6784,4.8491,0.623,11.3841,-11.7103,0.9722,1.6068,3.4658,122.96,21,20,2026-02-08,2026-02-23,True,8,4,47.4,-65.36,-30.34
BTC,17:00,combined,100,191,935.94,350.96,584.98,3.0627,5.2935,0.6335,11.3868,-11.3261,1.0054,1.7378,4.039,81.24,19,18,2026-06-07,2026-06-16,True,8,4,47.4,-57.46,-30.4
BTC,17:00,combined,150,191,986.47,350.42,636.04,3.3301,5.2935,0.6335,11.3868,-10.5966,1.0746,1.8575,4.5888,70.87,22,21,2026-06-24,2026-07-08,True,8,4,47.4,-35.54,-27.34
BTC,17:00,leg_both,50,191,484.07,374.26,109.81,0.5749,0.4457,0.5236,7.9508,-7.5304,1.0558,1.1602,0.9877,111.68,121,121,2026-04-10,,False,8,5,47.4,-24.01,-18.69
BTC,17:00,leg_both,100,191,694.42,361.33,333.09,1.7439,2.4781,0.5759,9.977,-9.4368,1.0572,1.4358,2.5108,104.47,37,37,2026-02-08,2026-02-22,True,9,4,47.4,-46.87,-28.41
BTC,17:00,leg_both,150,191,836.12,357.25,478.87,2.5072,4.212,0.6126,10.3215,-9.8479,1.0481,1.6571,3.654,85.96,37,37,2026-06-24,,False,8,4,47.4,-40.14,-25.02
BTC,17:00,leg_independent,50,191,664.64,366.81,297.84,1.5593,1.6742,0.5393,10.3672,-8.7499,1.1848,1.3868,2.3654,97.15,61,60,2026-03-24,2026-05-11,True,6,5,47.4,-35.52,-21.19
BTC,17:00,leg_independent,100,191,778.92,357.84,421.08,2.2046,3.5166,0.5707,11.2208,-9.7804,1.1473,1.525,3.0237,98.64,24,24,2026-02-08,2026-02-22,True,8,4,47.4,-42.59,-29.27
BTC,17:00,leg_independent,150,191,848.2,356.67,491.53,2.5735,4.2572,0.6126,10.7625,-10.374,1.0374,1.6403,3.5476,88.77,37,36,2026-03-19,2026-04-01,True,8,4,47.4,-56.36,-28.56
ETH,13:00,combined,50,191,157.11,270.79,-113.68,-0.5952,3.623,0.5236,20.3952,-23.6616,0.862,0.9472,-0.4423,606.25,183,183,2026-03-27,,False,7,7,45.65,-145.41,-49.14
ETH,13:00,combined,100,191,372.0,266.25,105.76,0.5537,8.4181,0.6021,19.8551,-28.6523,0.693,1.0486,0.3678,410.42,130,129,2026-03-27,2026-05-16,True,8,4,45.65,-145.41,-62.18
ETH,13:00,combined,150,191,300.87,265.64,35.23,0.1845,8.4181,0.6073,19.6863,-29.9784,0.6567,1.0157,0.1145,561.13,159,158,2026-03-27,2026-06-14,True,8,4,45.65,-145.41,-80.24
ETH,13:00,leg_both,50,191,223.93,322.6,-98.67,-0.5166,-1.2933,0.4293,7.86,-6.8182,1.1528,0.8672,-0.9961,290.13,190,190,2026-03-26,,False,6,8,35.64,-27.92,-19.32
ETH,13:00,leg_both,100,191,469.76,290.97,178.79,0.9361,0.0057,0.5026,14.9863,-13.262,1.13,1.1419,0.8971,431.37,151,150,2026-03-26,2026-06-08,True,7,8,45.65,-145.41,-43.14
ETH,13:00,leg_both,150,191,388.12,277.08,111.04,0.5814,1.0304,0.534,17.6735,-19.0074,0.9298,1.0656,0.4665,430.09,174,173,2026-03-26,2026-07-01,True,7,6,45.65,-145.41,-53.84
ETH,13:00,leg_independent,50,191,366.54,296.51,70.03,0.3667,3.3091,0.5759,10.6807,-13.64,0.783,1.0634,0.4576,371.26,111,110,2026-03-18,2026-05-15,True,9,4,35.64,-47.02,-36.6
ETH,13:00,leg_independent,100,191,388.54,279.44,109.1,0.5712,2.1007,0.534,15.6071,-16.661,0.9367,1.0736,0.4836,600.21,174,173,2026-03-26,2026-07-01,True,7,6,45.65,-145.41,-58.08
ETH,13:00,leg_independent,150,191,359.0,272.17,86.83,0.4546,3.4179,0.5602,17.3938,-21.1226,0.8235,1.0489,0.3503,469.09,179,178,2026-03-26,2026-07-06,True,7,4,45.65,-145.41,-59.99
ETH,13:15,combined,50,191,143.5,267.93,-124.43,-0.6515,3.1194,0.5288,18.8464,-22.5324,0.8364,0.9386,-0.5219,608.78,164,164,2026-03-31,,False,8,6,46.97,-113.28,-45.85
ETH,13:15,combined,100,191,270.85,264.39,6.46,0.0338,7.3081,0.5864,18.1028,-25.583,0.7076,1.0032,0.0249,451.39,164,164,2026-03-31,,False,8,6,46.97,-113.28,-56.37
ETH,13:15,combined,150,191,357.28,263.5,93.77,0.491,7.384,0.6021,17.8294,-25.7448,0.6925,1.0479,0.3456,556.07,164,164,2026-03-27,,False,8,6,46.97,-113.28,-72.51
ETH,13:15,leg_both,50,191,235.46,323.02,-87.56,-0.4585,-0.8204,0.4555,7.5026,-7.1182,1.054,0.8817,-0.8669,327.78,182,182,2026-03-26,,False,7,10,38.26,-27.37,-19.8
ETH,13:15,leg_both,100,191,141.96,290.39,-148.43,-0.7771,-0.3881,0.4921,12.9057,-14.0367,0.9194,0.891,-0.8133,584.51,182,182,2026-03-26,,False,10,10,38.26,-113.28,-42.17
ETH,13:15,leg_both,150,191,215.46,278.37,-62.91,-0.3294,-0.1099,0.4974,15.8392,-16.3295,0.97,0.9599,-0.3005,530.36,164,164,2026-03-31,,False,7,6,38.26,-113.28,-50.41
ETH,13:15,leg_independent,50,191,517.46,290.9,226.56,1.1862,4.0252,0.6178,11.6717,-15.763,0.7404,1.1969,1.1897,488.15,142,141,2026-03-26,2026-06-26,True,13,4,38.26,-140.78,-47.6
ETH,13:15,leg_independent,100,191,225.88,276.72,-50.84,-0.2662,2.108,0.5445,13.9168,-17.2206,0.8082,0.9661,-0.24,662.34,182,182,2026-03-26,,False,12,10,38.26,-113.28,-58.33
ETH,13:15,leg_independent,150,191,287.84,271.43,16.41,0.0859,2.6413,0.5445,15.4262,-18.2519,0.8452,1.0103,0.0745,506.08,164,164,2026-04-07,,False,7,6,38.26,-113.28,-57.37
ETH,13:30,combined,50,191,74.51,267.31,-192.8,-1.0094,3.0093,0.5236,18.6338,-22.5954,0.8247,0.9062,-0.8048,619.19,179,179,2026-03-27,,False,9,5,44.31,-115.96,-47.98
ETH,13:30,combined,100,191,233.31,263.39,-30.08,-0.1575,7.4708,0.6021,18.1877,-27.9167,0.6515,0.9858,-0.1091,514.1,124,123,2026-03-27,2026-05-31,True,14,4,63.4,-115.96,-63.35
ETH,13:30,combined,150,191,228.91,262.48,-33.57,-0.1757,7.4712,0.6126,18.0198,-28.9444,0.6226,0.9843,-0.1176,583.6,131,130,2026-03-27,2026-06-07,True,14,4,63.4,-115.96,-71.45
ETH,13:30,leg_both,50,191,94.43,320.68,-226.25,-1.1846,-0.951,0.4293,7.3633,-7.6151,0.9669,0.7274,-1.7979,399.24,190,190,2026-03-25,,False,10,8,36.86,-115.96,-27.09
ETH,13:30,leg_both,100,191,248.7,288.99,-40.29,-0.2109,-0.9765,0.466,13.9561,-12.5724,1.1101,0.9686,-0.2235,448.85,186,186,2026-03-27,,False,9,8,36.86,-115.96,-41.21
ETH,13:30,leg_both,150,191,236.79,275.99,-39.2,-0.2052,1.1497,0.5079,16.1455,-17.0779,0.9454,0.9756,-0.1849,493.22,149,148,2026-03-27,2026-06-03,True,9,6,42.86,-115.96,-49.26
ETH,13:30,leg_independent,50,191,240.7,294.52,-53.81,-0.2817,2.9741,0.5864,10.3207,-15.3131,0.674,0.9555,-0.3071,554.72,167,167,2026-03-25,,False,10,4,36.86,-115.96,-45.57
ETH,13:30,leg_independent,100,191,379.51,276.16,103.35,0.5411,1.7331,0.555,13.5463,-15.6772,0.8641,1.0776,0.5247,379.77,123,122,2026-03-26,2026-05-30,True,11,7,36.86,-115.96,-50.0
ETH,13:30,leg_independent,150,191,335.64,268.96,66.68,0.3491,1.8236,0.5288,16.3686,-17.6283,0.9285,1.042,0.3054,399.29,130,129,2026-03-27,2026-05-15,True,9,6,42.86,-115.96,-54.12
ETH,13:45,combined,50,191,-9.29,267.34,-276.64,-1.4484,2.8691,0.534,16.2263,-21.7047,0.7476,0.8568,-1.2889,677.74,183,183,2026-03-27,,False,10,8,43.38,-75.33,-43.21
ETH,13:45,combined,100,191,204.45,262.41,-57.96,-0.3034,6.2531,0.6073,16.1326,-25.7246,0.6271,0.97,-0.2388,526.43,124,123,2026-03-27,2026-06-03,True,13,8,43.38,-75.33,-54.13
ETH,13:45,combined,150,191,297.42,261.29,36.13,0.1892,7.1163,0.6283,15.8714,-26.316,0.6031,1.0193,0.1393,587.13,153,153,2026-03-27,,False,13,8,43.38,-105.18,-68.76
ETH,13:45,leg_both,50,191,89.27,315.1,-225.83,-1.1823,-1.6786,0.4031,7.052,-6.7441,1.0456,0.7063,-2.4786,321.05,190,190,2026-03-16,,False,7,9,30.11,-21.62,-17.14
ETH,13:45,leg_both,100,191,59.17,286.22,-227.05,-1.1887,-1.2445,0.4503,12.5498,-12.4413,1.0087,0.8262,-1.4706,533.67,190,190,2026-03-16,,False,8,10,34.71,-40.6,-30.63
ETH,13:45,leg_both,150,191,38.37,274.44,-236.06,-1.2359,0.7207,0.5079,14.396,-17.3667,0.8289,0.8554,-1.1862,669.53,190,190,2026-03-27,,False,9,10,34.71,-75.33,-48.21
ETH,13:45,leg_independent,50,191,130.19,289.45,-159.26,-0.8338,1.6269,0.555,10.0232,-14.3732,0.6974,0.8696,-0.9204,440.23,182,182,2026-03-26,,False,8,4,30.11,-119.17,-45.16
ETH,13:45,leg_independent,100,191,169.27,272.96,-103.69,-0.5429,1.4854,0.5497,12.221,-16.1267,0.7578,0.9252,-0.5235,551.85,182,182,2026-03-26,,False,14,8,34.71,-134.34,-51.04
ETH,13:45,leg_independent,150,191,108.28,267.46,-159.18,-0.8334,1.4854,0.5445,14.2266,-18.8362,0.7553,0.9029,-0.738,655.66,190,190,2026-03-27,,False,9,8,34.71,-108.6,-57.33
ETH,14:00,combined,50,191,-331.16,262.83,-593.99,-3.1099,-0.8549,0.4974,15.1245,-21.1544,0.715,0.7075,-2.7197,774.81,166,166,2026-03-27,,False,9,5,42.22,-117.6,-48.28
ETH,14:00,combined,100,191,-352.02,259.04,-611.07,-3.1993,3.0539,0.5445,15.2574,-25.2625,0.604,0.722,-2.4621,716.85,164,164,2026-07-10,,False,13,5,42.22,-117.6,-58.93
ETH,14:00,combined,150,191,-234.07,257.85,-491.93,-2.5755,3.5433,0.5707,14.8284,-25.71,0.5768,0.7667,-1.8918,610.18,164,164,2026-03-27,,False,13,5,42.22,-117.6,-69.64
ETH,14:00,leg_both,50,191,-199.37,313.18,-512.56,-2.6835,-2.697,0.356,5.216,-7.0507,0.7398,0.409,-6.4364,520.94,190,190,2026-07-10,,False,6,13,25.4,-26.31,-19.57
ETH,14:00,leg_both,100,191,-101.78,284.24,-386.01,-2.021,-2.8023,0.4241,11.0245,-11.6273,0.9482,0.6982,-2.7668,444.62,185,185,2026-03-28,,False,8,11,35.0,-36.86,-28.8
ETH,14:00,leg_both,150,191,-168.22,273.15,-441.37,-2.3109,-1.5667,0.4817,12.5356,-16.1076,0.7782,0.7232,-2.5247,524.25,190,190,2026-03-27,,False,8,6,35.0,-57.56,-38.33
ETH,14:00,leg_independent,50,191,29.66,285.88,-256.22,-1.3415,0.7994,0.5183,8.8981,-12.3601,0.7199,0.7747,-1.5657,379.95,174,174,2026-03-25,,False,10,5,29.83,-136.35,-42.34
ETH,14:00,leg_independent,100,191,-32.7,271.01,-303.71,-1.5901,-1.1028,0.466,12.1549,-13.5833,0.8948,0.7808,-1.623,523.01,179,179,2026-03-27,,False,10,11,35.0,-142.31,-47.59
ETH,14:00,leg_independent,150,191,-178.02,265.53,-443.55,-2.3223,-1.1368,0.4869,13.382,-17.2253,0.7769,0.7372,-2.1201,614.72,167,167,2026-03-27,,False,7,7,35.0,-147.06,-52.79
ETH,14:15,combined,50,191,-232.73,256.6,-489.34,-2.562,0.0452,0.5026,14.916,-20.224,0.7375,0.7453,-2.3079,660.06,164,164,2026-03-27,,False,7,7,35.88,-121.26,-47.09
ETH,14:15,combined,100,191,-255.3,253.08,-508.38,-2.6617,3.2849,0.5602,14.8928,-25.0227,0.5952,0.7581,-2.0779,628.3,164,164,2026-03-27,,False,9,4,35.88,-121.26,-57.93
ETH,14:15,combined,150,191,-101.34,252.34,-353.69,-1.8518,4.784,0.5864,14.4822,-25.0087,0.5791,0.821,-1.3791,638.22,164,164,2026-03-27,,False,10,4,35.88,-121.26,-71.06
ETH,14:15,leg_both,50,191,-156.57,303.07,-459.63,-2.4065,-2.5185,0.3089,7.335,-6.7606,1.085,0.4849,-5.1509,459.63,190,191,2026-07-10,,False,4,17,25.03,-29.71,-20.48
ETH,14:15,leg_both,100,191,72.84,274.69,-201.86,-1.0568,-0.9113,0.4817,11.3192,-12.5578,0.9014,0.8376,-1.3509,402.07,167,167,2026-03-21,,False,5,9,33.73,-48.25,-33.42
ETH,14:15,leg_both,150,191,-147.72,263.38,-411.1,-2.1524,0.7659,0.5079,12.7588,-17.5395,0.7274,0.7507,-2.0079,570.16,167,167,2026-03-27,,False,5,5,33.73,-121.26,-56.33
ETH,14:15,leg_independent,50,191,-232.54,284.83,-517.37,-2.7087,-1.6874,0.4398,9.7511,-12.4903,0.7807,0.6129,-3.1042,575.36,183,183,2026-07-07,,False,7,6,30.61,-140.01,-40.81
ETH,14:15,leg_independent,100,191,-174.95,266.83,-441.78,-2.313,-1.0279,0.466,12.5737,-15.3023,0.8217,0.717,-2.2369,606.29,169,169,2026-03-27,,False,5,9,33.73,-145.97,-50.8
ETH,14:15,leg_independent,150,191,-165.61,259.6,-425.21,-2.2262,-0.2416,0.4974,13.5219,-17.8103,0.7592,0.7513,-2.0199,581.38,165,165,2026-04-12,,False,5,7,33.73,-121.26,-58.23
ETH,14:30,combined,50,191,270.93,251.04,19.9,0.1042,3.9588,0.5654,14.3059,-18.3752,0.7785,1.013,0.0997,370.54,160,160,2026-03-27,,False,8,4,34.85,-126.74,-42.08
ETH,14:30,combined,100,191,161.11,248.22,-87.11,-0.4561,5.951,0.6126,14.3209,-23.8197,0.6012,0.9506,-0.3732,394.63,159,159,2026-03-27,,False,8,4,34.85,-126.74,-57.44
ETH,14:30,combined,150,191,190.33,247.17,-56.85,-0.2976,5.9899,0.623,14.2923,-24.4116,0.5855,0.9677,-0.2321,366.53,159,159,2026-03-27,,False,8,4,34.85,-126.74,-67.14
ETH,14:30,leg_both,50,191,36.69,296.37,-259.68,-1.3596,-1.4044,0.4188,7.0259,-7.4032,0.949,0.684,-2.6204,346.3,177,177,2026-06-21,,False,7,8,30.44,-32.29,-23.01
ETH,14:30,leg_both,100,191,282.78,269.08,13.7,0.0717,0.0493,0.5026,11.8608,-11.8414,1.0016,1.0122,0.0927,180.08,167,167,2026-03-27,,False,6,7,30.44,-43.13,-32.29
ETH,14:30,leg_both,150,191,111.87,259.11,-147.24,-0.7709,1.5705,0.5497,12.1162,-16.5051,0.7341,0.8963,-0.755,442.95,167,167,2026-03-27,,False,8,6,30.6,-126.74,-51.05
ETH,14:30,leg_independent,50,191,-153.93,281.45,-435.37,-2.2794,-0.5147,0.4764,9.766,-13.2407,0.7376,0.6712,-2.4704,528.49,174,174,2026-05-21,,False,7,7,30.44,-148.67,-45.2
ETH,14:30,leg_independent,100,191,124.26,261.72,-137.46,-0.7197,0.895,0.5131,12.6946,-14.8552,0.8546,0.9005,-0.6804,413.94,160,160,2026-03-27,,False,5,7,30.44,-156.19,-52.87
ETH,14:30,leg_independent,150,191,156.65,254.95,-98.3,-0.5147,1.7453,0.5393,12.8247,-16.1278,0.7952,0.9307,-0.4977,460.76,165,165,2026-03-27,,False,6,6,30.6,-126.74,-51.55
ETH,14:45,combined,50,191,261.18,245.92,15.27,0.0799,4.2438,0.5864,13.5293,-18.9875,0.7125,1.0102,0.0763,309.98,121,121,2026-03-27,,False,7,6,37.55,-129.55,-43.18
ETH,14:45,combined,100,191,161.22,243.47,-82.24,-0.4306,6.4503,0.644,13.38,-25.4115,0.5265,0.9524,-0.3544,354.36,164,164,2026-03-27,,False,7,6,37.55,-129.55,-58.51
ETH,14:45,combined,150,191,208.8,242.47,-33.67,-0.1763,6.9915,0.6545,13.4054,-25.8993,0.5176,0.9803,-0.1404,330.86,121,121,2026-03-27,,False,10,6,37.55,-129.55,-64.82
ETH,14:45,leg_both,50,191,43.89,289.76,-245.87,-1.2873,-1.5442,0.4188,6.7189,-7.0574,0.952,0.6861,-2.7091,277.82,190,190,2026-06-10,,False,5,10,27.14,-28.24,-19.66
ETH,14:45,leg_both,100,191,134.67,265.4,-130.73,-0.6844,0.8479,0.5445,9.7355,-13.1405,0.7409,0.8857,-0.7899,348.41,140,140,2026-04-11,,False,5,5,36.94,-129.55,-38.58
ETH,14:45,leg_both,150,191,188.53,254.29,-65.76,-0.3443,2.3742,0.5759,11.5168,-16.4519,0.7,0.9507,-0.347,343.62,164,164,2026-03-27,,False,9,6,37.55,-129.55,-46.67
ETH,14:45,leg_independent,50,191,109.97,270.87,-160.9,-0.8424,0.8047,0.5183,9.8193,-12.3153,0.7973,0.858,-0.9423,360.8,140,140,2026-05-08,,False,7,6,27.14,-157.04,-38.98
ETH,14:45,leg_independent,100,191,205.18,256.76,-51.58,-0.27,1.2069,0.5707,10.8415,-15.0403,0.7208,0.9582,-0.2902,344.55,164,164,2026-04-18,,False,5,5,36.94,-129.55,-42.98
ETH,14:45,leg_independent,150,191,175.6,250.28,-74.67,-0.391,3.1158,0.6021,11.826,-18.8772,0.6265,0.948,-0.3751,367.68,164,164,2026-03-27,,False,9,3,37.55,-129.55,-50.14
ETH,15:00,combined,50,191,438.16,240.21,197.95,1.0364,5.6287,0.5916,13.221,-16.6157,0.7957,1.1527,1.0631,273.7,89,88,2026-03-27,2026-05-02,True,10,4,43.66,-131.7,-38.33
ETH,15:00,combined,100,191,498.26,237.22,261.04,1.3667,8.1204,0.6545,13.1611,-20.9712,0.6276,1.1886,1.2445,293.24,120,119,2026-03-27,2026-06-04,True,10,3,43.66,-131.7,-52.39
ETH,15:00,combined,150,191,436.83,236.98,199.85,1.0464,8.1204,0.6597,13.1052,-22.3293,0.5869,1.1377,0.9015,344.83,156,156,2026-03-27,,False,10,3,43.66,-131.7,-60.4
ETH,15:00,leg_both,50,191,167.68,283.75,-116.07,-0.6077,-1.1951,0.4346,6.5125,-6.0798,1.0712,0.8232,-1.4065,202.99,190,190,2026-03-25,,False,6,8,21.88,-23.91,-16.74
ETH,15:00,leg_both,100,191,253.66,257.28,-3.62,-0.019,0.7029,0.5393,10.4361,-12.2561,0.8515,0.9966,-0.0222,309.11,160,160,2026-03-27,,False,6,4,28.07,-131.7,-39.53
ETH,15:00,leg_both,150,191,334.38,249.1,85.28,0.4465,1.351,0.5812,11.0729,-14.2977,0.7745,1.0746,0.4877,220.27,124,123,2026-03-27,2026-06-05,True,6,4,28.07,-131.7,-43.82
ETH,15:00,leg_independent,50,191,284.79,266.59,18.2,0.0953,0.7702,0.5497,8.9084,-10.6648,0.8353,1.0198,0.1504,182.82,169,169,2026-03-25,,False,7,5,24.19,-29.76,-25.66
ETH,15:00,leg_independent,100,191,308.07,249.79,58.28,0.3051,1.351,0.5602,11.2584,-13.6473,0.825,1.0508,0.3362,319.96,173,173,2026-03-27,,False,6,4,28.07,-131.7,-43.66
ETH,15:00,leg_independent,150,191,374.85,245.26,129.59,0.6785,2.1624,0.5812,11.5934,-14.4658,0.8014,1.112,0.7322,236.63,120,119,2026-03-27,2026-06-01,True,6,5,28.07,-131.7,-44.58
ETH,15:15,combined,50,191,458.26,232.66,225.6,1.1812,4.3594,0.6283,12.1061,-17.2835,0.7004,1.1838,1.2046,159.8,46,45,2026-03-27,2026-04-27,True,8,5,45.55,-134.15,-43.61
ETH,15:15,combined,100,191,445.53,231.6,213.93,1.1201,6.0802,0.6649,12.0092,-20.4881,0.5862,1.1632,1.0541,227.75,121,120,2026-03-27,2026-06-05,True,8,3,45.55,-134.15,-51.3
ETH,15:15,combined,150,191,438.82,231.0,207.82,1.0881,6.769,0.6754,11.938,-21.4868,0.5556,1.156,0.991,220.23,134,134,2026-03-27,,False,8,3,45.55,-134.15,-57.64
ETH,15:15,leg_both,50,191,438.9,275.46,163.44,0.8557,0.0959,0.5131,6.7397,-5.3446,1.261,1.3288,2.0214,55.02,43,43,2026-07-09,,False,7,6,23.08,-21.34,-16.08
ETH,15:15,leg_both,100,191,509.24,250.8,258.45,1.3531,2.7364,0.5916,9.9172,-11.0538,0.8972,1.2998,1.6367,179.4,64,63,2026-03-28,2026-05-10,True,8,4,45.55,-134.15,-39.14
ETH,15:15,leg_both,150,191,666.32,241.19,425.13,2.2258,3.9651,0.6545,10.8172,-14.0456,0.7701,1.4586,2.5041,137.29,36,35,2026-03-27,2026-04-27,True,11,4,45.55,-134.15,-41.57
ETH,15:15,leg_independent,50,191,490.78,258.33,232.44,1.217,2.0758,0.5602,10.2052,-10.2324,0.9973,1.2704,1.8199,120.92,59,58,2026-04-05,2026-05-04,True,6,4,30.6,-43.39,-26.77
ETH,15:15,leg_independent,100,191,552.55,244.03,308.52,1.6153,2.9598,0.6073,10.8883,-12.727,0.8555,1.3232,1.842,198.66,96,95,2026-04-01,2026-06-11,True,8,5,45.55,-134.15,-40.28
ETH,15:15,leg_independent,150,191,738.21,237.32,500.9,2.6225,4.8804,0.6492,11.5246,-13.853,0.8319,1.5397,2.9239,136.39,36,35,2026-03-25,2026-04-27,True,8,7,45.55,-134.15,-41.47
ETH,15:30,combined,50,191,332.27,227.72,104.55,0.5474,4.5459,0.6021,11.4774,-15.9915,0.7177,1.086,0.5919,197.74,97,96,2026-03-31,2026-06-02,True,8,4,39.87,-136.04,-37.48
ETH,15:30,combined,100,191,379.64,225.91,153.73,0.8049,5.7877,0.6545,11.2198,-18.9205,0.593,1.1231,0.7834,249.32,141,140,2026-03-31,2026-06-08,True,16,4,39.87,-136.04,-53.84
ETH,15:30,combined,150,191,380.57,225.75,154.82,0.8106,6.0626,0.6597,11.1789,-19.288,0.5796,1.1235,0.7818,261.15,147,147,2026-04-07,,False,16,4,39.87,-136.04,-55.32
ETH,15:30,leg_both,50,191,341.91,265.66,76.26,0.3992,-1.2558,0.4188,8.1221,-5.1667,1.572,1.133,0.8682,82.98,60,60,2026-06-25,,False,9,10,39.87,-17.21,-14.73
ETH,15:30,leg_both,100,191,310.47,244.74,65.73,0.3441,1.8069,0.5707,9.1467,-11.3568,0.8054,1.0706,0.423,226.52,149,149,2026-04-02,,False,10,5,39.87,-136.04,-37.46
ETH,15:30,leg_both,150,191,405.1,235.82,169.29,0.8863,2.6961,0.6021,10.0773,-13.021,0.7739,1.1711,1.008,188.67,89,88,2026-03-31,2026-05-11,True,10,5,39.87,-136.04,-42.72
ETH,15:30,leg_independent,50,191,489.9,251.04,238.86,1.2506,0.2027,0.5131,10.7172,-8.7249,1.2283,1.2944,1.9588,117.1,63,62,2026-04-05,2026-05-04,True,8,7,39.87,-32.22,-22.49
ETH,15:30,leg_independent,100,191,462.39,236.28,226.11,1.1838,3.2271,0.5916,10.4078,-12.1791,0.8546,1.238,1.3757,210.56,121,120,2026-04-01,2026-06-08,True,11,4,39.87,-136.04,-40.15
ETH,15:30,leg_independent,150,191,453.89,231.66,222.24,1.1635,4.4653,0.6178,10.4825,-13.9,0.7541,1.219,1.2766,189.73,89,88,2026-03-31,2026-05-07,True,10,5,39.87,-136.04,-45.93
ETH,15:45,combined,50,191,241.9,220.94,20.97,0.1098,3.1947,0.6073,10.1315,-15.3905,0.6583,1.0182,0.1245,253.69,130,130,2026-04-01,,False,5,5,34.37,-136.18,-36.32
ETH,15:45,combined,100,191,153.31,218.75,-65.45,-0.3426,4.542,0.6545,9.945,-19.8268,0.5016,0.95,-0.335,377.8,157,157,2026-04-01,,False,8,5,34.37,-136.18,-54.98
ETH,15:45,combined,150,191,351.98,218.2,133.78,0.7004,5.0779,0.6754,10.0004,-18.6495,0.5362,1.1157,0.7098,299.81,130,130,2026-04-10,,False,9,5,34.37,-136.18,-53.75
ETH,15:45,leg_both,50,191,208.07,250.04,-41.97,-0.2197,-0.8495,0.4712,7.476,-7.0773,1.0563,0.9413,-0.3195,262.6,125,125,2026-05-31,,False,5,10,34.37,-136.18,-28.13
ETH,15:45,leg_both,100,191,240.31,232.35,7.96,0.0417,2.9552,0.5916,9.0651,-13.0307,0.6957,1.0078,0.0496,290.16,130,130,2026-06-25,,False,10,7,34.37,-136.18,-41.32
ETH,15:45,leg_both,150,191,254.4,226.34,28.05,0.1469,3.7414,0.6178,9.4649,-14.9151,0.6346,1.0258,0.1613,287.3,133,133,2026-05-08,,False,10,7,34.37,-136.18,-48.2
ETH,15:45,leg_independent,50,191,250.11,240.26,9.85,0.0516,-0.7925,0.4869,10.3159,-9.689,1.0647,1.0104,0.0644,299.8,126,126,2026-06-25,,False,4,5,34.37,-136.18,-34.41
ETH,15:45,leg_independent,100,191,327.5,226.29,101.21,0.5299,3.3674,0.5969,10.309,-13.9483,0.7391,1.0942,0.5945,271.65,130,130,2026-05-08,,False,10,5,34.37,-136.18,-42.92
ETH,15:45,leg_independent,150,191,281.74,222.72,59.03,0.309,3.6504,0.6283,10.0399,-16.1374,0.6221,1.0515,0.3256,288.92,153,153,2026-05-08,,False,10,5,34.37,-136.18,-51.03
ETH,16:00,combined,50,191,165.18,214.46,-49.28,-0.258,2.922,0.5707,9.5946,-13.3547,0.7184,0.955,-0.3021,318.89,130,130,2026-04-05,,False,6,6,29.46,-140.54,-37.39
ETH,16:00,combined,100,191,185.03,212.03,-27.0,-0.1414,3.6347,0.6073,9.5672,-15.1572,0.6312,0.9762,-0.1523,303.19,116,116,2026-04-04,,False,6,6,29.46,-140.54,-47.36
ETH,16:00,combined,150,191,256.31,211.56,44.74,0.2343,3.8293,0.6178,9.5742,-14.8632,0.6442,1.0412,0.2445,311.08,116,116,2026-04-04,,False,6,6,29.46,-140.54,-55.77
ETH,16:00,leg_both,50,191,215.97,245.57,-29.6,-0.155,-0.0961,0.4869,5.3431,-5.3725,0.9945,0.9438,-0.4036,109.68,79,78,2026-06-28,,False,9,7,28.98,-19.84,-15.27
ETH,16:00,leg_both,100,191,165.11,226.14,-61.03,-0.3196,1.2928,0.5497,8.4733,-11.055,0.7665,0.9358,-0.4011,269.71,116,116,2026-04-04,,False,11,8,29.46,-140.54,-37.49
ETH,16:00,leg_both,150,191,291.16,220.3,70.86,0.371,2.3882,0.5864,8.9452,-11.7848,0.759,1.0761,0.4525,264.22,116,116,2026-04-04,,False,6,10,29.46,-140.54,-38.17
ETH,16:00,leg_independent,50,191,491.87,227.4,264.47,1.3847,2.174,0.5707,8.0512,-7.4769,1.0768,1.4314,2.7435,87.98,57,57,2026-04-05,2026-04-19,True,10,6,28.98,-22.24,-18.22
ETH,16:00,leg_independent,100,191,267.93,219.1,48.83,0.2556,3.3265,0.5759,9.2524,-11.9622,0.7735,1.0504,0.3095,245.62,110,110,2026-04-04,,False,11,8,29.46,-140.54,-38.54
ETH,16:00,leg_independent,150,191,329.52,216.2,113.31,0.5933,3.3299,0.5916,9.5563,-12.3917,0.7712,1.1172,0.7019,243.46,116,116,2026-04-04,,False,7,10,29.46,-140.54,-39.84
ETH,16:15,combined,50,191,264.46,204.38,60.07,0.3145,2.8333,0.5969,8.7892,-12.2323,0.7185,1.0638,0.3853,223.86,119,119,2026-04-01,,False,7,4,30.04,-143.55,-34.97
ETH,16:15,combined,100,191,233.82,202.57,31.25,0.1636,3.4352,0.623,8.6829,-13.917,0.6239,1.0312,0.1875,246.26,119,119,2026-04-01,,False,7,3,30.04,-143.55,-42.85
ETH,16:15,combined,150,191,270.61,202.16,68.45,0.3584,3.5261,0.6283,8.6766,-13.7006,0.6333,1.0704,0.4024,239.31,119,119,2026-04-01,,False,8,3,30.04,-143.55,-47.67
ETH,16:15,leg_both,50,191,276.31,227.53,48.78,0.2554,-0.3248,0.466,6.2875,-5.008,1.2555,1.0955,0.647,72.51,120,120,2026-06-19,,False,7,6,22.76,-23.48,-15.53
ETH,16:15,leg_both,100,191,213.53,214.65,-1.12,-0.0059,1.5644,0.5759,7.5735,-10.2988,0.7354,0.9987,-0.0077,245.97,119,119,2026-04-01,,False,8,5,29.74,-143.55,-36.01
ETH,16:15,leg_both,150,191,246.25,209.25,37.0,0.1937,2.5981,0.5916,8.2043,-11.4114,0.719,1.0416,0.2399,254.73,119,119,2026-04-22,,False,7,6,30.04,-143.55,-38.63
ETH,16:15,leg_independent,50,191,473.4,215.18,258.22,1.3519,1.192,0.5602,7.6802,-6.7091,1.1447,1.4582,2.7528,68.98,65,65,2026-06-18,,False,6,5,27.19,-25.02,-17.86
ETH,16:15,leg_independent,100,191,326.5,208.74,117.76,0.6165,2.8333,0.6126,8.0136,-11.0788,0.7233,1.1436,0.784,247.78,119,119,2026-04-01,,False,7,5,29.74,-143.55,-35.97
ETH,16:15,leg_independent,150,191,327.06,205.77,121.29,0.635,2.8333,0.6073,8.5299,-11.5757,0.7369,1.1397,0.776,252.04,119,119,2026-04-22,,False,7,5,30.04,-143.55,-38.59
ETH,16:30,combined,50,191,142.78,191.97,-49.18,-0.2575,2.6028,0.5916,7.5084,-11.5081,0.6524,0.9452,-0.3425,251.42,119,119,2026-05-03,,False,9,5,29.92,-140.0,-32.8
ETH,16:30,combined,100,191,159.45,190.0,-30.55,-0.16,2.9427,0.623,7.4499,-12.7373,0.5849,0.9667,-0.2016,249.44,119,119,2026-04-01,,False,9,5,29.92,-140.0,-39.01
ETH,16:30,combined,150,191,138.24,189.79,-51.56,-0.2699,2.9427,0.623,7.4499,-13.029,0.5718,0.945,-0.3331,266.7,173,173,2026-04-01,,False,9,5,29.92,-140.0,-41.65
ETH,16:30,leg_both,50,191,-86.23,213.45,-299.68,-1.569,-0.1654,0.4869,4.1498,-6.996,0.5932,0.5629,-2.4964,309.34,187,187,2026-06-29,,False,8,6,17.33,-140.0,-29.83
ETH,16:30,leg_both,100,191,12.43,202.93,-190.5,-0.9974,1.5821,0.5969,5.5515,-10.6931,0.5192,0.7686,-1.4113,250.48,119,119,2026-05-07,,False,9,5,23.04,-140.0,-34.26
ETH,16:30,leg_both,150,191,174.09,196.27,-22.18,-0.1161,2.6366,0.6178,6.7265,-11.1768,0.6018,0.9728,-0.1567,225.45,119,119,2026-04-01,,False,9,5,23.04,-140.0,-35.78
ETH,16:30,leg_independent,50,191,216.09,199.23,16.87,0.0883,0.9929,0.5445,7.0075,-8.183,0.8564,1.0237,0.1254,218.09,113,113,2026-04-01,,False,8,5,26.84,-140.0,-30.32
ETH,16:30,leg_independent,100,191,100.79,197.64,-96.85,-0.5071,2.6228,0.5969,6.5052,-10.8888,0.5974,0.8845,-0.6934,253.01,119,119,2026-04-02,,False,9,5,25.94,-140.0,-34.12
ETH,16:30,leg_independent,150,191,174.08,194.38,-20.3,-0.1063,2.8088,0.6178,7.0248,-11.6331,0.6039,0.9761,-0.1406,248.57,119,119,2026-04-01,,False,7,5,24.29,-140.0,-35.58
ETH,16:45,combined,50,191,282.87,174.85,108.02,0.5655,1.9774,0.6021,6.1013,-7.8109,0.7811,1.182,1.2608,88.73,110,109,2026-02-14,2026-03-11,True,12,5,22.88,-32.52,-18.85
ETH,16:45,combined,100,191,331.19,173.87,157.32,0.8237,2.2443,0.623,5.9864,-7.7092,0.7765,1.2834,1.7632,66.32,49,48,2026-02-14,2026-03-11,True,14,4,22.88,-32.66,-23.47
ETH,16:45,combined,150,191,358.78,173.34,185.44,0.9709,2.356,0.6283,5.9759,-7.4882,0.798,1.3488,2.0876,63.82,72,71,2026-03-25,2026-05-28,True,14,4,22.88,-36.95,-23.6
ETH,16:45,leg_both,50,191,146.71,190.05,-43.34,-0.2269,0.0073,0.5026,3.9783,-4.4764,0.8887,0.8981,-0.7811,62.34,170,170,2026-02-14,,False,4,7,13.12,-15.43,-12.24
ETH,16:45,leg_both,100,191,250.99,182.49,68.51,0.3587,1.4602,0.5969,4.9416,-6.4264,0.7689,1.1384,0.937,110.36,73,72,2026-02-14,2026-04-08,True,6,4,14.86,-32.52,-18.73
ETH,16:45,leg_both,150,191,306.55,179.39,127.17,0.6658,1.5734,0.6178,5.2415,-6.7305,0.7788,1.2588,1.6255,86.44,51,50,2026-02-14,2026-03-18,True,11,4,21.22,-36.95,-19.81
ETH,16:45,leg_independent,50,191,149.09,184.99,-35.9,-0.188,0.7647,0.5236,5.7852,-6.7519,0.8568,0.9416,-0.4456,129.06,183,183,2026-02-16,,False,6,8,30.1,-33.38,-17.23
ETH,16:45,leg_independent,100,191,296.06,178.44,117.63,0.6159,1.6475,0.5969,5.7098,-6.9258,0.8244,1.2206,1.4049,135.31,54,53,2026-02-16,2026-03-20,True,11,4,27.8,-38.8,-21.33
ETH,16:45,leg_independent,150,191,342.12,177.23,164.89,0.8633,1.8721,0.6178,5.6696,-6.9059,0.821,1.3271,2.0107,84.43,51,50,2026-02-16,2026-03-18,True,11,4,27.8,-36.92,-19.95
ETH,17:00,combined,50,191,196.72,159.79,36.93,0.1934,0.173,0.5079,4.667,-4.4231,1.0551,1.0888,0.6034,93.0,126,126,2026-06-29,,False,9,9,16.58,-27.74,-14.79
ETH,17:00,combined,100,191,220.19,159.34,60.85,0.3186,0.3316,0.5183,4.6196,-4.3097,1.0719,1.1535,0.975,98.3,126,126,2026-06-09,,False,10,9,16.58,-29.26,-16.1
ETH,17:00,combined,150,191,206.74,159.35,47.39,0.2481,0.3316,0.5183,4.6196,-4.4559,1.0367,1.1156,0.7153,100.58,126,126,2026-06-24,,False,10,9,16.58,-36.32,-17.41
ETH,17:00,leg_both,50,191,114.96,166.45,-51.49,-0.2696,-0.089,0.4817,3.2909,-3.5783,0.9197,0.8547,-1.111,93.78,126,126,2026-06-17,,False,5,8,10.94,-17.5,-11.84
ETH,17:00,leg_both,100,191,167.96,162.19,5.77,0.0302,0.2964,0.5236,3.934,-4.2596,0.9235,1.0149,0.1006,86.18,117,117,2026-06-09,,False,9,8,10.94,-27.74,-16.24
ETH,17:00,leg_both,150,191,163.9,161.74,2.16,0.0113,0.3316,0.5183,4.157,-4.4499,0.9342,1.0053,0.0359,87.98,126,126,2026-06-09,,False,9,9,11.44,-36.32,-15.87
ETH,17:00,leg_independent,50,191,176.71,163.34,13.38,0.07,-0.045,0.4921,4.289,-4.0184,1.0673,1.0343,0.2445,105.16,126,126,2026-07-08,,False,16,9,16.43,-17.2,-12.3
ETH,17:00,leg_independent,100,191,205.97,160.63,45.34,0.2374,0.3603,0.5288,4.4633,-4.5051,0.9907,1.1118,0.7296,81.63,117,117,2026-06-22,,False,9,9,16.43,-27.6,-16.62
ETH,17:00,leg_independent,150,191,205.1,160.03,45.07,0.236,0.3316,0.5288,4.4701,-4.5157,0.9899,1.1109,0.7199,86.0,126,126,2026-04-26,,False,9,9,14.58,-36.06,-15.8
